Date,Close,Predictions
2019-07-22,51.80500030517578,51.3203
2019-07-23,52.209999084472656,51.43366
2019-07-24,52.16749954223633,51.636757
2019-07-25,51.755001068115234,51.85183
2019-07-26,51.935001373291016,51.99031
2019-07-29,52.41999816894531,52.09664
2019-07-30,52.19499969482422,52.23648
2019-07-31,53.2599983215332,52.344063
2019-08-01,52.10749816894531,52.56213
2019-08-02,51.005001068115234,52.653004
2019-08-05,48.334999084472656,52.52466
2019-08-06,49.25,51.95298
2019-08-07,49.7599983215332,51.359715
2019-08-08,50.85749816894531,50.899784
2019-08-09,50.247501373291016,50.711853
2019-08-12,50.119998931884766,50.603832
2019-08-13,52.24250030517578,50.535416
2019-08-14,50.6875,50.777042
2019-08-15,50.435001373291016,50.934055
2019-08-16,51.625,50.997116
2019-08-19,52.587501525878906,51.161938
2019-08-20,52.59000015258789,51.480362
2019-08-21,53.15999984741211,51.83176
2019-08-22,53.1150016784668,52.22788
2019-08-23,50.65999984741211,52.58669
2019-08-26,51.622501373291016,52.555
2019-08-27,51.040000915527344,52.462254
2019-08-28,51.38249969482422,52.272087
2019-08-29,52.252498626708984,52.1039
2019-08-30,52.185001373291016,52.083256
2019-09-03,51.42499923706055,52.129414
2019-09-04,52.29750061035156,52.103447
2019-09-05,53.31999969482422,52.161842
2019-09-06,53.314998626708984,52.38872
2019-09-09,53.54249954223633,52.667984
2019-09-10,54.17499923706055,52.966793
2019-09-11,55.897499084472656,53.319046
2019-09-12,55.772499084472656,53.87754
2019-09-13,54.6875,54.445915
2019-09-16,54.974998474121094,54.800926
2019-09-17,55.17499923706055,55.0416
2019-09-18,55.692501068115234,55.218555
2019-09-19,55.2400016784668,55.40758
2019-09-20,54.432498931884766,55.516865
2019-09-23,54.68000030517578,55.466072
2019-09-24,54.41999816894531,55.376167
2019-09-25,55.25749969482422,55.2442
2019-09-26,54.97249984741211,55.220036
2019-09-27,54.70500183105469,55.214752
2019-09-30,55.99250030517578,55.18563
2019-10-01,56.147499084472656,55.319515
2019-10-02,54.7400016784668,55.536224
2019-10-03,55.20500183105469,55.580353
2019-10-04,56.752498626708984,55.59632
2019-10-07,56.76499938964844,55.79942
2019-10-08,56.099998474121094,56.068295
2019-10-09,56.75749969482422,56.24689
2019-10-10,57.522499084472656,56.444664
2019-10-11,59.0525016784668,56.725574
2019-10-14,58.967498779296875,57.211315
2019-10-15,58.83000183105469,57.721508
2019-10-16,58.592498779296875,58.158623
2019-10-17,58.81999969482422,58.470264
2019-10-18,59.102500915527344,58.70808
2019-10-21,60.127498626708984,58.913937
2019-10-22,59.9900016784668,59.210922
2019-10-23,60.79499816894531,59.4943
2019-10-24,60.89500045776367,59.840073
2019-10-25,61.64500045776367,60.183514
2019-10-28,62.26250076293945,60.579514
2019-10-29,60.8224983215332,61.029907
2019-10-30,60.814998626708984,61.25739
2019-10-31,62.189998626708984,61.3452
2019-11-01,63.95500183105469,61.532734
2019-11-04,64.375,61.97544
2019-11-05,64.28250122070312,62.53979
2019-11-06,64.30999755859375,63.078255
2019-11-07,64.85749816894531,63.537155
2019-11-08,65.03500366210938,63.96807
2019-11-11,65.55000305175781,64.35038
2019-11-12,65.48999786376953,64.725296
2019-11-13,66.11750030517578,65.038025
2019-11-14,65.66000366210938,65.36122
2019-11-15,66.44000244140625,65.58566
2019-11-18,66.7750015258789,65.834984
2019-11-19,66.57250213623047,66.10671
2019-11-20,65.79750061035156,66.32692
2019-11-21,65.50250244140625,66.39117
2019-11-22,65.44499969482422,66.33201
2019-11-25,66.59249877929688,66.212166
2019-11-26,66.07250213623047,66.22922
2019-11-27,66.95999908447266,66.24224
2019-11-29,66.8125,66.370255
2019-12-02,66.04000091552734,66.51855
2019-12-03,64.86250305175781,66.5568
2019-12-04,65.43499755859375,66.38198
2019-12-05,66.3949966430664,66.20144
2019-12-06,67.67749786376953,66.16692
2019-12-09,66.7300033569336,66.37707
2019-12-10,67.12000274658203,66.55513
2019-12-11,67.69249725341797,66.74761
2019-12-12,67.86499786376953,66.99689
2019-12-13,68.7874984741211,67.263275
2019-12-16,69.96499633789062,67.624084
2019-12-17,70.10250091552734,68.13743
2019-12-18,69.93499755859375,68.67493
2019-12-19,70.00499725341797,69.13125
2019-12-20,69.86000061035156,69.49613
2019-12-23,71.0,69.74741
2019-12-24,71.06749725341797,70.0584
2019-12-26,72.47750091552734,70.36422
2019-12-27,72.44999694824219,70.81232
2019-12-30,72.87999725341797,71.266
2019-12-31,73.4124984741211,71.719696
2020-01-02,75.0875015258789,72.182976
2020-01-03,74.35749816894531,72.80915
2020-01-06,74.94999694824219,73.334816
2020-01-07,74.59750366210938,73.82068
2020-01-08,75.79750061035156,74.17498
2020-01-09,77.40750122070312,74.57507
2020-01-10,77.5824966430664,75.15384
2020-01-13,79.23999786376953,75.76517
2020-01-14,78.16999816894531,76.52991
2020-01-15,77.83499908447266,77.12692
2020-01-16,78.80999755859375,77.52046
2020-01-17,79.68250274658203,77.88903
2020-01-21,79.14250183105469,78.30826
2020-01-22,79.42500305175781,78.62461
2020-01-23,79.80750274658203,78.88644
2020-01-24,79.57749938964844,79.13623
2020-01-27,77.23750305175781,79.316376
2020-01-28,79.42250061035156,79.13212
2020-01-29,81.08499908447266,79.08225
2020-01-30,80.96749877929688,79.31876
2020-01-31,77.37750244140625,79.648766
2020-02-03,77.16500091552734,79.5132
2020-02-04,79.7125015258789,79.144394
2020-02-05,80.36250305175781,79.041595
2020-02-06,81.30249786376953,79.16418
2020-02-07,80.00749969482422,79.50577
2020-02-10,80.38749694824219,79.741264
2020-02-11,79.90249633789062,79.94679
2020-02-12,81.80000305175781,80.046104
2020-02-13,81.21749877929688,80.32889
2020-02-14,81.23750305175781,80.58494
2020-02-18,79.75,80.79805
2020-02-19,80.90499877929688,80.766624
2020-02-20,80.07499694824219,80.77171
2020-02-21,78.26249694824219,80.68213
2020-02-24,74.54499816894531,80.3213
2020-02-25,72.0199966430664,79.38886
2020-02-26,73.1624984741211,77.96972
2020-02-27,68.37999725341797,76.64804
2020-02-28,68.33999633789062,74.91733
2020-03-02,74.70249938964844,73.21602
2020-03-03,72.33000183105469,72.59066
2020-03-04,75.68499755859375,72.26316
2020-03-05,73.2300033569336,72.577614
2020-03-06,72.25749969482422,72.844986
2020-03-09,66.5425033569336,72.9332
2020-03-10,71.33499908447266,72.17109
2020-03-11,68.85749816894531,71.72419
2020-03-12,62.057498931884766,71.1542
2020-03-13,69.49250030517578,69.706535
2020-03-16,60.5525016784668,69.00134
2020-03-17,63.21500015258789,67.56684
2020-03-18,61.66749954223633,66.32567
2020-03-19,61.19499969482422,65.13547
2020-03-20,57.310001373291016,64.069305
2020-03-23,56.092498779296875,62.695965
2020-03-24,61.720001220703125,61.19782
2020-03-25,61.380001068115234,60.578728
2020-03-26,64.61000061035156,60.426575
2020-03-27,61.935001373291016,60.955215
2020-03-30,63.70249938964844,61.397217
2020-03-31,63.5724983215332,61.975132
2020-04-01,60.227500915527344,62.522778
2020-04-02,61.23249816894531,62.540115
2020-04-03,60.352500915527344,62.4255
2020-04-06,65.61750030517578,62.13862
2020-04-07,64.85749816894531,62.495934
2020-04-08,66.51750183105469,63.01681
2020-04-09,66.99749755859375,63.770527
2020-04-13,68.3125,64.601425
2020-04-14,71.76249694824219,65.53339
2020-04-15,71.10749816894531,66.84392
2020-04-16,71.67250061035156,68.07699
2020-04-17,70.69999694824219,69.183624
2020-04-20,69.23249816894531,69.95103
2020-04-21,67.09249877929688,70.25516
2020-04-22,69.0250015258789,70.00719
2020-04-23,68.75749969482422,69.772736
2020-04-24,70.74250030517578,69.53542
2020-04-27,70.7925033569336,69.59016
2020-04-28,69.6449966430664,69.78774
2020-04-29,71.93250274658203,69.882
2020-04-30,73.44999694824219,70.21766
2020-05-01,72.26750183105469,70.82599
2020-05-04,73.29000091552734,71.33314
2020-05-05,74.38999938964844,71.86088
2020-05-06,75.15750122070312,72.47202
2020-05-07,75.93499755859375,73.14271
2020-05-08,77.53250122070312,73.85509
2020-05-11,78.75250244140625,74.702354
2020-05-12,77.85250091552734,75.66181
2020-05-13,76.9124984741211,76.43004
2020-05-14,77.38500213623047,76.88015
2020-05-15,76.92749786376953,77.17549
2020-05-18,78.73999786376953,77.29239
2020-05-19,78.28500366210938,77.54283
2020-05-20,79.80750274658203,77.76293
2020-05-21,79.2125015258789,78.140366
2020-05-22,79.72250366210938,78.466095
2020-05-26,79.18250274658203,78.79259
2020-05-27,79.52749633789062,79.005356
2020-05-28,79.5625,79.180374
2020-05-29,79.48500061035156,79.317535
2020-06-01,80.4625015258789,79.40773
2020-06-02,80.83499908447266,79.591156
2020-06-03,81.27999877929688,79.843925
2020-06-04,80.58000183105469,80.15615
2020-06-05,82.875,80.36493
2020-06-08,83.36499786376953,80.79742
2020-06-09,85.99749755859375,81.34363
2020-06-10,88.20999908447266,82.21869
2020-06-11,83.9749984741211,83.4263
2020-06-12,84.69999694824219,84.08273
2020-06-15,85.74749755859375,84.483536
2020-06-16,88.0199966430664,84.837524
2020-06-17,87.89749908447266,85.41428
2020-06-18,87.93250274658203,86.00378
2020-06-19,87.43000030517578,86.527245
2020-06-22,89.71749877929688,86.88354
2020-06-23,91.63249969482422,87.409584
2020-06-24,90.01499938964844,88.19511
2020-06-25,91.20999908447266,88.7916
2020-06-26,88.40750122070312,89.37643
2020-06-29,90.44499969482422,89.509964
2020-06-30,91.19999694824219,89.67358
2020-07-01,91.02749633789062,89.92251
2020-07-02,91.02749633789062,90.15672
2020-07-06,93.4625015258789,90.35379
2020-07-07,93.17250061035156,90.82435
2020-07-08,95.34249877929688,91.32602
2020-07-09,95.75250244140625,92.06194
2020-07-10,95.91999816894531,92.8665
2020-07-13,95.47750091552734,93.62142
2020-07-14,97.05750274658203,94.194984
2020-07-15,97.7249984741211,94.80913
2020-07-16,96.52249908447266,95.444374
2020-07-17,96.32749938964844,95.848335
2020-07-20,98.35749816894531,96.061615
2020-07-21,97.0,96.41498
2020-07-22,97.27249908447266,96.60919
2020-07-23,92.84500122070312,96.73799
2020-07-24,92.61499786376953,96.24122
2020-07-27,94.80999755859375,95.47933
2020-07-28,93.25250244140625,94.96883
2020-07-29,95.04000091552734,94.4415
2020-07-30,96.19000244140625,94.21309
2020-07-31,106.26000213623047,94.31005
2020-08-03,108.9375,95.862915
2020-08-04,109.66500091552734,98.2583
2020-08-05,110.0625,100.84961
2020-08-06,113.90249633789062,103.251274
2020-08-07,111.11250305175781,105.73807
2020-08-10,112.72750091552734,107.56897
2020-08-11,109.375,109.04779
2020-08-12,113.01000213623047,109.716606
2020-08-13,115.01000213623047,110.367325
2020-08-14,114.90750122070312,111.16305
2020-08-17,114.60749816894531,111.9052
2020-08-18,115.5625,112.48557
2020-08-19,115.7074966430664,113.03333
2020-08-20,118.2750015258789,113.50905
2020-08-21,124.37000274658203,114.21557
2020-08-24,125.85749816894531,115.71547
2020-08-25,124.82499694824219,117.58496
2020-08-26,126.52249908447266,119.26202
2020-08-27,125.01000213623047,120.84717
2020-08-28,124.80750274658203,121.98246
2020-08-31,129.0399932861328,122.72504
2020-09-01,134.17999267578125,123.70967
2020-09-02,131.39999389648438,125.318016
2020-09-03,120.87999725341797,126.657265
2020-09-04,120.95999908447266,126.37172
2020-09-08,112.81999969482422,125.36038
2020-09-09,117.31999969482422,123.07186
2020-09-10,113.48999786376953,121.03472
2020-09-11,112.0,118.873215
2020-09-14,115.36000061035156,116.75287
2020-09-15,115.54000091552734,115.364784
2020-09-16,112.12999725341797,114.539185
2020-09-17,110.33999633789062,113.67291
2020-09-18,106.83999633789062,112.68806
2020-09-21,110.08000183105469,111.33237
2020-09-22,111.80999755859375,110.39619
2020-09-23,107.12000274658203,110.00237
2020-09-24,108.22000122070312,109.325096
2020-09-25,112.27999877929688,108.75362
2020-09-28,114.95999908447266,108.82734
2020-09-29,114.08999633789062,109.54504
2020-09-30,115.80999755859375,110.37253
2020-10-01,116.79000091552734,111.37272
2020-10-02,113.0199966430664,112.44895
2020-10-05,116.5,112.936844
2020-10-06,113.16000366210938,113.52453
2020-10-07,115.08000183105469,113.64201
2020-10-08,114.97000122070312,113.76426
2020-10-09,116.97000122070312,113.84854
2020-10-12,124.4000015258789,114.15758
2020-10-13,121.0999984741211,115.47992
2020-10-14,121.19000244140625,116.68937
2020-10-15,120.70999908447266,117.71216
2020-10-16,119.0199966430664,118.44817
2020-10-19,115.9800033569336,118.73105
2020-10-20,117.51000213623047,118.36689
2020-10-21,116.87000274658203,117.92888
2020-10-22,115.75,117.41902
2020-10-23,115.04000091552734,116.79683
2020-10-26,115.05000305175781,116.1118
2020-10-27,116.5999984741211,115.48823
2020-10-28,111.19999694824219,115.175385
2020-10-29,115.31999969482422,114.3639
2020-10-30,108.86000061035156,113.957085
2020-11-02,108.7699966430664,112.96337
2020-11-03,110.44000244140625,111.81749
2020-11-04,114.94999694824219,110.95734
2020-11-05,119.02999877929688,110.924934
2020-11-06,118.69000244140625,111.8198
2020-11-09,116.31999969482422,113.0079
2020-11-10,115.97000122070312,113.89078
2020-11-11,119.48999786376953,114.47257
2020-11-12,119.20999908447266,115.278336
2020-11-13,119.26000213623047,116.040375
2020-11-16,120.30000305175781,116.68753
2020-11-17,119.38999938964844,117.323845
2020-11-18,118.02999877929688,117.75052
2020-11-19,118.63999938964844,117.8455
2020-11-20,117.33999633789062,117.843124
2020-11-23,113.8499984741211,117.622
2020-11-24,115.16999816894531,116.87766
2020-11-25,116.02999877929688,116.147644
2020-11-27,116.58999633789062,115.62247
2020-11-30,119.05000305175781,115.33667
2020-12-01,122.72000122070312,115.52177
2020-12-02,123.08000183105469,116.38022
2020-12-03,122.94000244140625,117.499405
2020-12-04,122.25,118.588066
2020-12-07,123.75,119.43511
2020-12-08,124.37999725341797,120.24505
2020-12-09,121.77999877929688,121.00408
2020-12-10,123.23999786376953,121.304825
2020-12-11,122.41000366210938,121.53094
2020-12-14,121.77999877929688,121.57626
2020-12-15,127.87999725341797,121.446556
2020-12-16,127.80999755859375,122.02157
2020-12-17,128.6999969482422,122.84129
2020-12-18,126.66000366210938,123.79268
2020-12-21,128.22999572753906,124.42693
2020-12-22,131.8800048828125,125.02868
2020-12-23,130.9600067138672,125.990555
2020-12-24,131.97000122070312,126.87654
2020-12-28,136.69000244140625,127.7417
2020-12-29,134.8699951171875,129.07436
2020-12-30,133.72000122070312,130.21956
2020-12-31,132.69000244140625,130.98741
2021-01-04,129.41000366210938,131.34201
2021-01-05,131.00999450683594,131.0335
2021-01-06,126.5999984741211,130.64421
2021-01-07,130.9199981689453,129.69757
2021-01-08,132.0500030517578,129.15428
2021-01-11,128.97999572753906,129.00513
2021-01-12,128.8000030517578,128.68309
2021-01-13,130.88999938964844,128.30879
2021-01-14,128.91000366210938,128.22218
2021-01-15,127.13999938964844,128.03394
2021-01-19,127.83000183105469,127.6057
2021-01-20,132.02999877929688,127.20712
2021-01-21,136.8699951171875,127.40163
2021-01-22,139.07000732421875,128.46068
2021-01-25,142.9199981689453,130.07391
2021-01-26,143.16000366210938,132.2321
2021-01-27,142.05999755859375,134.39998
2021-01-28,137.08999633789062,136.1575
2021-01-29,131.9600067138672,136.86893
2021-02-01,134.13999938964844,136.34302
2021-02-02,134.99000549316406,135.5515
2021-02-03,133.94000244140625,134.81516
2021-02-04,137.38999938964844,134.06041
2021-02-05,136.75999450683594,133.82878
2021-02-08,136.91000366210938,133.79573
2021-02-09,136.00999450683594,133.89162
2021-02-10,135.38999938964844,133.92953
2021-02-11,135.1300048828125,133.86237
2021-02-12,135.3699951171875,133.72237
2021-02-16,133.19000244140625,133.5952
2021-02-17,130.83999633789062,133.21619
2021-02-18,129.7100067138672,132.47365
2021-02-19,129.8699951171875,131.51059
2021-02-22,126.0,130.58337
2021-02-23,125.86000061035156,129.30354
2021-02-24,125.3499984741211,128.00934
2021-02-25,120.98999786376953,126.8095
2021-02-26,121.26000213623047,125.26227
2021-03-01,127.79000091552734,123.79263
2021-03-02,125.12000274658203,123.37833
2021-03-03,122.05999755859375,123.18475
2021-03-04,120.12999725341797,122.755005
2021-03-05,121.41999816894531,122.0325
2021-03-08,116.36000061035156,121.42838
2021-03-09,121.08999633789062,120.31207
2021-03-10,119.9800033569336,119.70403
2021-03-11,121.95999908447266,119.26798
2021-03-12,121.02999877929688,119.23226
2021-03-15,123.98999786376953,119.27703
2021-03-16,125.56999969482422,119.73839
2021-03-17,124.76000213623047,120.53886
2021-03-18,120.52999877929688,121.298035
2021-03-19,119.98999786376953,121.40537
2021-03-22,123.38999938964844,121.11935
2021-03-23,122.54000091552734,121.10373
2021-03-24,120.08999633789062,121.100914
2021-03-25,120.58999633789062,120.79572
2021-03-26,121.20999908447266,120.450775
2021-03-29,121.38999938964844,120.20621
2021-03-30,119.9000015258789,120.06376
2021-03-31,122.1500015258789,119.801
2021-04-01,123.0,119.80478
2021-04-05,125.9000015258789,120.041275
2021-04-06,126.20999908447266,120.73017
2021-04-07,127.9000015258789,121.58567
2021-04-08,130.36000061035156,122.62874
2021-04-09,133.0,123.93626
2021-04-12,131.24000549316406,125.530846
2021-04-13,134.42999267578125,126.83014
2021-04-14,132.02999877929688,128.22325
2021-04-15,134.5,129.16603
2021-04-16,134.16000366210938,130.08136
2021-04-19,134.83999633789062,130.80844
2021-04-20,133.11000061035156,131.4325
2021-04-21,133.5,131.7021
2021-04-22,131.94000244140625,131.81425
2021-04-23,134.32000732421875,131.63313
2021-04-26,134.72000122070312,131.63268
2021-04-27,134.38999938964844,131.76149
2021-04-28,133.5800018310547,131.896
2021-04-29,133.47999572753906,131.9169
2021-04-30,131.4600067138672,131.86998
2021-05-03,132.5399932861328,131.54202
2021-05-04,127.8499984741211,131.25966
2021-05-05,128.10000610351562,130.44075
2021-05-06,129.74000549316406,129.50893
2021-05-07,130.2100067138672,128.8438
2021-05-10,126.8499984741211,128.45021
2021-05-11,125.91000366210938,127.819275
2021-05-12,122.7699966430664,127.047806
2021-05-13,124.97000122070312,125.91215
2021-05-14,127.44999694824219,125.03125
2021-05-17,126.2699966430664,124.69594
2021-05-18,124.8499984741211,124.51979
2021-05-19,124.69000244140625,124.27421
2021-05-20,127.30999755859375,124.01302
2021-05-21,125.43000030517578,124.110985
2021-05-24,127.0999984741211,124.128204
2021-05-25,126.9000015258789,124.322845
2021-05-26,126.8499984741211,124.54913
2021-05-27,125.27999877929688,124.75691
2021-05-28,124.61000061035156,124.72987
2021-06-01,124.27999877929688,124.50948
2021-06-02,125.05999755859375,124.17983
2021-06-03,123.54000091552734,123.93641
2021-06-04,125.88999938964844,123.57068
2021-06-07,125.9000015258789,123.49465
2021-06-08,126.73999786376953,123.5653
2021-06-09,127.12999725341797,123.80795
2021-06-10,126.11000061035156,124.152596
2021-06-11,127.3499984741211,124.374275
2021-06-14,130.47999572753906,124.667465
2021-06-15,129.63999938964844,125.348976
2021-06-16,130.14999389648438,126.01794
2021-06-17,131.7899932861328,126.66291
2021-06-18,130.4600067138672,127.41727
2021-06-21,132.3000030517578,127.95413
2021-06-22,133.97999572753906,128.54985
2021-06-23,133.6999969482422,129.30064
2021-06-24,133.41000366210938,129.98923
2021-06-25,133.11000061035156,130.52243
2021-06-28,134.77999877929688,130.872
2021-06-29,136.3300018310547,131.29456
2021-06-30,136.9600067138672,131.88539
2021-07-01,137.27000427246094,132.55634
2021-07-02,139.9600067138672,133.21747
2021-07-06,142.02000427246094,134.12431
2021-07-07,144.57000732421875,135.2831
2021-07-08,143.24000549316406,136.72835
2021-07-09,145.11000061035156,137.9547
2021-07-12,144.5,139.15363
2021-07-13,145.63999938964844,140.09969
2021-07-14,149.14999389648438,140.94115
2021-07-15,148.47999572753906,142.05
2021-07-16,146.38999938964844,143.04938
2021-07-19,142.4499969482422,143.6105
2021-07-20,146.14999389648438,143.40125
2021-07-21,145.39999389648438,143.30673
2021-07-22,146.8000030517578,143.16695
2021-07-23,148.55999755859375,143.19815
2021-07-26,148.99000549316406,143.52158
2021-07-27,146.77000427246094,143.996
2021-07-28,144.97999572753906,144.2112
2021-07-29,145.63999938964844,144.05992
2021-07-30,145.86000061035156,143.83392
2021-08-02,145.52000427246094,143.6218
2021-08-03,147.36000061035156,143.39972
2021-08-04,146.9499969482422,143.43001
2021-08-05,147.05999755859375,143.52376
2021-08-06,146.13999938964844,143.6544
2021-08-09,146.08999633789062,143.67357
2021-08-10,145.60000610351562,143.63338
2021-08-11,145.86000061035156,143.50803
2021-08-12,148.88999938964844,143.39015
2021-08-13,149.10000610351562,143.66411
2021-08-16,151.1199951171875,144.11102
2021-08-17,150.19000244140625,144.83748
2021-08-18,146.36000061035156,145.48805
2021-08-19,146.6999969482422,145.55139
2021-08-20,148.19000244140625,145.37242
2021-08-23,149.7100067138672,145.27403
2021-08-24,149.6199951171875,145.40671
2021-08-25,148.36000061035156,145.61902
2021-08-26,147.5399932861328,145.68976
2021-08-27,148.60000610351562,145.58594
2021-08-30,153.1199951171875,145.54227
2021-08-31,151.8300018310547,146.08566
2021-09-01,152.50999450683594,146.67337
2021-09-02,153.64999389648438,147.30058
2021-09-03,154.3000030517578,148.00522
2021-09-07,156.69000244140625,148.73367
2021-09-08,155.11000061035156,149.67116
2021-09-09,154.07000732421875,150.38826
2021-09-10,148.97000122070312,150.78462
2021-09-13,149.5500030517578,150.34827
2021-09-14,148.1199951171875,149.64307
2021-09-15,149.02999877929688,148.7079
2021-09-16,148.7899932861328,147.89156
2021-09-17,146.05999755859375,147.20224
2021-09-20,142.94000244140625,146.32924
2021-09-21,143.42999267578125,145.10373
2021-09-22,145.85000610351562,143.93254
2021-09-23,146.8300018310547,143.23462
2021-09-24,146.9199981689453,142.9745
2021-09-27,145.3699951171875,142.97719
2021-09-28,141.91000366210938,142.92294
2021-09-29,142.8300018310547,142.42888
2021-09-30,141.5,141.90833
2021-10-01,142.64999389648438,141.26994
2021-10-04,139.13999938964844,140.80212
2021-10-05,141.11000061035156,140.03703
2021-10-06,142.0,139.48196
2021-10-07,143.2899932861328,139.20406
2021-10-08,142.89999389648438,139.2583
2021-10-11,142.80999755859375,139.41963
2021-10-12,141.50999450683594,139.60684
2021-10-13,140.91000366210938,139.62335
2021-10-14,143.75999450683594,139.48398
2021-10-15,144.83999633789062,139.64053
2021-10-18,146.5500030517578,140.04533
2021-10-19,148.75999450683594,140.73038
2021-10-20,149.25999450683594,141.73468
2021-10-21,149.47999572753906,142.82283
2021-10-22,148.69000244140625,143.83984
2021-10-25,148.63999938964844,144.59294
2021-10-26,149.32000732421875,145.11453
2021-10-27,148.85000610351562,145.53549
2021-10-28,152.57000732421875,145.78851
2021-10-29,149.8000030517578,146.38377
2021-11-01,148.9600067138672,146.7135
2021-11-02,150.02000427246094,146.7785
2021-11-03,151.49000549316406,146.83583
2021-11-04,150.9600067138672,147.05644
2021-11-05,151.27999877929688,147.2578
2021-11-08,150.44000244140625,147.46623
2021-11-09,150.80999755859375,147.54684
2021-11-10,147.9199981689453,147.60295
2021-11-11,147.8699951171875,147.28156
2021-11-12,149.99000549316406,146.81914
2021-11-15,150.0,146.6044
2021-11-16,151.0,146.53127
2021-11-17,153.49000549316406,146.66257
2021-11-18,157.8699951171875,147.18225
2021-11-19,160.5500030517578,148.35739
2021-11-22,161.02000427246094,150.01892
2021-11-23,161.41000366210938,151.7586
2021-11-24,161.94000244140625,153.36343
2021-11-26,156.80999755859375,154.75995
2021-11-29,160.24000549316406,155.24753
2021-11-30,165.3000030517578,155.65941
2021-12-01,164.77000427246094,156.5714
2021-12-02,163.75999450683594,157.52399
2021-12-03,161.83999633789062,158.25655
2021-12-06,165.32000732421875,158.55856
2021-12-07,171.17999267578125,159.03679
2021-12-08,175.0800018310547,160.22868
2021-12-09,174.55999755859375,162.06285
2021-12-10,179.4499969482422,163.90352
2021-12-13,175.74000549316406,166.10347
2021-12-14,174.3300018310547,167.73647
2021-12-15,179.3000030517578,168.7356
2021-12-16,172.25999450683594,169.88737
2021-12-17,171.13999938964844,170.1019
2021-12-20,169.75,169.72467
2021-12-21,172.99000549316406,168.93071
2021-12-22,175.63999938964844,168.4155
2021-12-23,176.27999877929688,168.3976
2021-12-27,180.3300018310547,168.69246
2021-12-28,179.2899932861328,169.58664
2021-12-29,179.3800048828125,170.52469
2021-12-30,178.1999969482422,171.38809
2021-12-31,177.57000732421875,171.96783
2022-01-03,182.00999450683594,172.26605
2022-01-04,179.6999969482422,172.91263
2022-01-05,174.9199981689453,173.3519
2022-01-06,172.0,173.08168
2022-01-07,172.1699981689453,172.16895
2022-01-10,172.19000244140625,171.0792
2022-01-11,175.0800018310547,170.03255
2022-01-12,175.52999877929688,169.47935
2022-01-13,172.19000244140625,169.27963
2022-01-14,173.07000732421875,168.88545
2022-01-18,169.8000030517578,168.57002
2022-01-19,166.22999572753906,167.9399
2022-01-20,164.50999450683594,166.82393
2022-01-21,162.41000366210938,165.4154
2022-01-24,161.6199951171875,163.78984
2022-01-25,159.77999877929688,162.1723
2022-01-26,159.69000244140625,160.5418
2022-01-27,159.22000122070312,159.1085
2022-01-28,170.3300018310547,157.89917
2022-01-31,174.77999877929688,158.3045
2022-02-01,174.61000061035156,159.94737
2022-02-02,175.83999633789062,161.96437
2022-02-03,172.89999389648438,164.06825
2022-02-04,172.38999938964844,165.59709
2022-02-07,171.66000366210938,166.60376
2022-02-08,174.8300018310547,167.13548
2022-02-09,176.27999877929688,167.73965
2022-02-10,172.1199951171875,168.45312
2022-02-11,168.63999938964844,168.62537
2022-02-14,168.8800048828125,168.11122
2022-02-15,172.7899932861328,167.36081
2022-02-16,172.5500030517578,167.04665
2022-02-17,168.8800048828125,166.9374
2022-02-18,167.3000030517578,166.50851
2022-02-22,164.32000732421875,165.8055
2022-02-23,160.07000732421875,164.70332
2022-02-24,162.74000549316406,163.04207
2022-02-25,164.85000610351562,161.6499
2022-02-28,165.1199951171875,160.80495
2022-03-01,163.1999969482422,160.364
2022-03-02,166.55999755859375,159.95203
2022-03-03,166.22999572753906,160.02647
2022-03-04,163.1699981689453,160.2804
2022-03-07,159.3000030517578,160.22925
2022-03-08,157.44000244140625,159.58246
2022-03-09,162.9499969482422,158.5121
2022-03-10,158.52000427246094,158.03786
2022-03-11,154.72999572753906,157.35365
2022-03-14,150.6199951171875,156.2144
2022-03-15,155.08999633789062,154.50693
2022-03-16,159.58999633789062,153.29362
2022-03-17,160.6199951171875,153.00613
2022-03-18,163.97999572753906,153.325
2022-03-21,165.3800048828125,154.31587
2022-03-22,168.82000732421875,155.67464
2022-03-23,170.2100067138672,157.45862
2022-03-24,174.07000732421875,159.38089
2022-03-25,174.72000122070312,161.58684
2022-03-28,175.60000610351562,163.7116
2022-03-29,178.9600067138672,165.62839
2022-03-30,177.77000427246094,167.59236
2022-03-31,174.61000061035156,169.16872
2022-04-01,174.30999755859375,169.98236
2022-04-04,178.44000244140625,170.2904
2022-04-05,175.05999755859375,170.79225
2022-04-06,171.8300018310547,170.89786
2022-04-07,172.13999938964844,170.4252
2022-04-08,170.08999633789062,169.77277
2022-04-11,165.75,168.86127
2022-04-12,167.66000366210938,167.42395
2022-04-13,170.39999389648438,166.15228
2022-04-14,165.2899932861328,165.43768
2022-04-18,165.07000732421875,164.46588
2022-04-19,167.39999389648438,163.49196
2022-04-20,167.22999572753906,162.9212
2022-04-21,166.4199981689453,162.59358
2022-04-22,161.7899932861328,162.33629
2022-04-25,162.8800048828125,161.59631
2022-04-26,156.8000030517578,160.86514
2022-04-27,156.57000732421875,159.48781
2022-04-28,163.63999938964844,157.96223
2022-04-29,157.64999389648438,157.40938
2022-05-02,157.9600067138672,156.6507
2022-05-03,159.47999572753906,155.9579
2022-05-04,166.02000427246094,155.56967
2022-05-05,156.77000427246094,156.1714
2022-05-06,157.27999877929688,156.03995
2022-05-09,152.05999755859375,155.67268
2022-05-10,154.50999450683594,154.59285
2022-05-11,146.5,153.61546
2022-05-12,142.55999755859375,151.81532
2022-05-13,147.11000061035156,149.38174
2022-05-16,145.5399932861328,147.51057
2022-05-17,149.24000549316406,145.9403
2022-05-18,140.82000732421875,145.18825
2022-05-19,137.35000610351562,143.88843
2022-05-20,137.58999633789062,142.09393
2022-05-23,143.11000061035156,140.32457
2022-05-24,140.36000061035156,139.47806
2022-05-25,140.52000427246094,138.83719
2022-05-26,143.77999877929688,138.41884
2022-05-27,149.63999938964844,138.57353
2022-05-31,148.83999633789062,139.71106
2022-06-01,148.7100067138672,141.0719
2022-06-02,151.2100067138672,142.36218
2022-06-03,145.3800048828125,143.76306
2022-06-06,146.13999938964844,144.30846
2022-06-07,148.7100067138672,144.47621
2022-06-08,147.9600067138672,144.74133
2022-06-09,142.63999938964844,144.91182
2022-06-10,137.1300048828125,144.35635
2022-06-13,131.8800048828125,142.84624
2022-06-14,132.75999450683594,140.41418
2022-06-15,135.42999267578125,137.9536
2022-06-16,130.05999755859375,136.1161
2022-06-17,131.55999755859375,134.14163
2022-06-21,135.8699951171875,132.5668
2022-06-22,135.35000610351562,131.9324
2022-06-23,138.27000427246094,131.77354
2022-06-24,141.66000366210938,132.24887
2022-06-27,141.66000366210938,133.3975
2022-06-28,137.44000244140625,134.72527
2022-06-29,139.22999572753906,135.4492
2022-06-30,136.72000122070312,136.0213
2022-07-01,138.92999267578125,136.11952
2022-07-05,141.55999755859375,136.2516
2022-07-06,142.9199981689453,136.6975
2022-07-07,146.35000610351562,137.3989
2022-07-08,147.0399932861328,138.55853
2022-07-11,144.8699951171875,139.86908
2022-07-12,145.86000061035156,140.81636
2022-07-13,145.49000549316406,141.5941
2022-07-14,148.47000122070312,142.13533
2022-07-15,150.1699981689453,142.85768
2022-07-18,147.07000732421875,143.77185
2022-07-19,151.0,144.27325
2022-07-20,153.0399932861328,145.00386
2022-07-21,155.35000610351562,145.98637
2022-07-22,154.08999633789062,147.24373
2022-07-25,152.9499969482422,148.31236
2022-07-26,151.60000610351562,149.01756
2022-07-27,156.7899932861328,149.2901
2022-07-28,157.35000610351562,149.95222
2022-07-29,162.50999450683594,150.76465
2022-08-01,161.50999450683594,152.17616
2022-08-02,160.00999450683594,153.5593
2022-08-03,166.1300048828125,154.57726
2022-08-04,165.80999755859375,156.03459
2022-08-05,165.35000610351562,157.45398
2022-08-08,164.8699951171875,158.62108
2022-08-09,164.9199981689453,159.45753
2022-08-10,169.24000549316406,160.02937
2022-08-11,168.49000549316406,160.9143
2022-08-12,172.10000610351562,161.72755
2022-08-15,173.19000244140625,162.83972
2022-08-16,173.02999877929688,164.07048
2022-08-17,174.5500030517578,165.18082
2022-08-18,174.14999389648438,166.27367
2022-08-19,171.52000427246094,167.16318
2022-08-22,167.57000732421875,167.52701
2022-08-23,167.22999572753906,167.12282
2022-08-24,167.52999877929688,166.36098
2022-08-25,170.02999877929688,165.54683
2022-08-26,163.6199951171875,165.10263
2022-08-29,161.3800048828125,164.11491
2022-08-30,158.91000366210938,162.74457
2022-08-31,157.22000122070312,161.06483
2022-09-01,157.9600067138672,159.24681
2022-09-02,155.80999755859375,157.68459
2022-09-06,154.52999877929688,156.18237
2022-09-07,155.9600067138672,154.75723
2022-09-08,154.4600067138672,153.73402
2022-09-09,157.3699951171875,152.85474
2022-09-12,163.42999267578125,152.52625
2022-09-13,153.83999633789062,153.24251
2022-09-14,155.30999755859375,153.19766
2022-09-15,152.3699951171875,153.01115
2022-09-16,150.6999969482422,152.40907
2022-09-19,154.47999572753906,151.48415
2022-09-20,156.89999389648438,150.98206
2022-09-21,153.72000122070312,151.03043
2022-09-22,152.74000549316406,150.94879
2022-09-23,150.42999267578125,150.71078
2022-09-26,150.77000427246094,150.14671
2022-09-27,151.75999450683594,149.54341
2022-09-28,149.83999633789062,149.11513
2022-09-29,142.47999572753906,148.5877
2022-09-30,138.1999969482422,147.18071
2022-10-03,142.4499969482422,145.0146
2022-10-04,146.10000610351562,143.283
2022-10-05,146.39999389648438,142.41847
2022-10-06,145.42999267578125,142.12187
2022-10-07,140.08999633789062,142.03181
2022-10-10,140.4199981689453,141.40474
2022-10-11,138.97999572753906,140.6574
2022-10-12,138.33999633789062,139.7636
2022-10-13,142.99000549316406,138.83647
2022-10-14,138.3800048828125,138.5918
2022-10-17,142.41000366210938,138.12564
2022-10-18,143.75,138.1337
2022-10-19,143.86000061035156,138.52724
2022-10-20,143.38999938964844,139.07373
2022-10-21,147.27000427246094,139.57014
2022-10-24,149.4499969482422,140.46281
2022-10-25,152.33999633789062,141.69135
2022-10-26,149.35000610351562,143.2781
2022-10-27,144.8000030517578,144.45882
2022-10-28,155.74000549316406,144.73875
2022-10-31,153.33999633789062,145.90054
2022-11-01,150.64999389648438,147.00163
2022-11-02,145.02999877929688,147.61331
2022-11-03,138.8800048828125,147.22118
2022-11-04,138.3800048828125,145.63852
2022-11-07,138.9199981689453,143.61748
2022-11-08,139.5,141.69275
2022-11-09,134.8699951171875,140.12651
2022-11-10,146.8699951171875,138.36021
2022-11-11,149.6999969482422,138.23906
2022-11-14,148.27999877929688,139.25816
2022-11-15,150.0399932861328,140.53735
2022-11-16,148.7899932861328,142.01503
2022-11-17,150.72000122070312,143.24498
2022-11-18,151.2899932861328,144.44038
2022-11-21,148.00999450683594,145.52557
2022-11-22,150.17999267578125,146.00833
2022-11-23,151.07000732421875,146.40822
2022-11-25,148.11000061035156,146.80986
2022-11-28,144.22000122070312,146.78941
2022-11-29,141.1699981689453,146.09204
2022-11-30,148.02999877929688,144.78119
2022-12-01,148.30999755859375,144.188
2022-12-02,147.80999755859375,144.02914
2022-12-05,146.6300048828125,144.0479
2022-12-06,142.91000366210938,144.01294
2022-12-07,140.94000244140625,143.5038
2022-12-08,142.64999389648438,142.59607
2022-12-09,142.16000366210938,141.82361
2022-12-12,144.49000549316406,141.14674
2022-12-13,145.47000122070312,140.89601
2022-12-14,143.2100067138672,141.00278
2022-12-15,136.5,140.99301
2022-12-16,134.50999450683594,140.10536
2022-12-19,132.3699951171875,138.6728
2022-12-20,132.3000030517578,136.8861
2022-12-21,135.4499969482422,135.1459
2022-12-22,132.22999572753906,134.04395
2022-12-23,131.86000061035156,132.98683
2022-12-27,130.02999877929688,132.05923
2022-12-28,126.04000091552734,131.08995
2022-12-29,129.61000061035156,129.73228
2022-12-30,129.92999267578125,128.8217
2023-01-03,125.06999969482422,128.27766
2023-01-04,126.36000061035156,127.37551
2023-01-05,125.0199966430664,126.59474
2023-01-06,129.6199951171875,125.80043
2023-01-09,130.14999389648438,125.68932
2023-01-10,130.72999572753906,125.98373
2023-01-11,133.49000549316406,126.51714
2023-01-12,133.41000366210938,127.449234
2023-01-13,134.75999450683594,128.44057
2023-01-17,135.94000244140625,129.50511
2023-01-18,135.2100067138672,130.61131
2023-01-19,135.27000427246094,131.4983
2023-01-20,137.8699951171875,132.17061
2023-01-23,141.11000061035156,132.97205
2023-01-24,142.52999877929688,134.12654
2023-01-25,141.86000061035156,135.4707
2023-01-26,143.9600067138672,136.64684
2023-01-27,145.92999267578125,137.85255
2023-01-30,143.0,139.15254
2023-01-31,144.2899932861328,139.9589
2023-02-01,145.42999267578125,140.58777
2023-02-02,150.82000732421875,141.17978
2023-02-03,154.5,142.33788
2023-02-06,151.72999572753906,144.05812
2023-02-07,154.64999389648438,145.481
2023-02-08,151.9199981689453,146.94806
2023-02-09,150.8699951171875,147.8995
2023-02-10,151.00999450683594,148.35565
2023-02-13,153.85000610351562,148.52458
2023-02-14,153.1999969482422,148.87251
2023-02-15,155.3300018310547,149.16876
2023-02-16,153.7100067138672,149.66522
2023-02-17,152.5500030517578,149.98904
2023-02-21,148.47999572753906,150.05193
2023-02-22,148.91000366210938,149.48161
2023-02-23,149.39999389648438,148.73746
2023-02-24,146.7100067138672,148.05518
2023-02-27,147.9199981689453,147.15527
2023-02-28,147.41000366210938,146.42252
2023-03-01,145.30999755859375,145.79776
2023-03-02,145.91000366210938,145.0515
2023-03-03,151.02999877929688,144.42514
2023-03-06,153.8300018310547,144.56934
2023-03-07,151.60000610351562,145.40385
2023-03-08,152.8699951171875,146.19391
2023-03-09,150.58999633789062,147.03232
2023-03-10,148.5,147.50328
2023-03-13,150.47000122070312,147.48482
2023-03-14,152.58999633789062,147.4736
2023-03-15,152.99000549316406,147.71498
2023-03-16,155.85000610351562,148.08925
2023-03-17,155.0,148.83134
2023-03-20,157.39999389648438,149.54514
2023-03-21,159.27999877929688,150.45355
2023-03-22,157.8300018310547,151.56168
2023-03-23,158.92999267578125,152.44302
2023-03-24,160.25,153.24089
2023-03-27,158.27999877929688,154.0494
2023-03-28,157.64999389648438,154.5127
2023-03-29,160.77000427246094,154.67644
2023-03-30,162.36000061035156,155.04962
2023-03-31,164.89999389648438,155.655
2023-04-03,166.1699981689453,156.59938
2023-04-04,165.6300048828125,157.73444
2023-04-05,163.75999450683594,158.75053
2023-04-06,164.66000366210938,159.35661
2023-04-10,162.02999877929688,159.79915
2023-04-11,160.8000030517578,159.77888
2023-04-12,160.10000610351562,159.39214
2023-04-13,165.55999755859375,158.78793
2023-04-14,165.2100067138672,158.81236
2023-04-17,165.22999572753906,159.0755
2023-04-18,166.47000122070312,159.43175
2023-04-19,167.6300048828125,159.94113
2023-04-20,166.64999389648438,160.59784
2023-04-21,165.02000427246094,161.1228
2023-04-24,165.3300018310547,161.32573
2023-04-25,163.77000427246094,161.38731
2023-04-26,163.75999450683594,161.17859
2023-04-27,168.41000366210938,160.86603
2023-04-28,169.67999267578125,161.09914
2023-05-01,169.58999633789062,161.70285
2023-05-02,168.5399932861328,162.40025
2023-05-03,167.4499969482422,162.93324
2023-05-04,165.7899932861328,163.19308
2023-05-05,173.57000732421875,163.08961
2023-05-08,173.5,163.75842
2023-05-09,171.77000427246094,164.67569
2023-05-10,173.55999755859375,165.39758
2023-05-11,173.75,166.15527
2023-05-12,172.57000732421875,166.84787
2023-05-15,172.07000732421875,167.27907
2023-05-16,172.07000732421875,167.47118
2023-05-17,172.69000244140625,167.52007
2023-05-18,175.0500030517578,167.5627
2023-05-19,175.16000366210938,167.87279
2023-05-22,174.1999969482422,168.27676
2023-05-23,171.55999755859375,168.56302
2023-05-24,171.83999633789062,168.44603
2023-05-25,172.99000549316406,168.18945
2023-05-26,175.42999267578125,168.0284
2023-05-30,177.3000030517578,168.21826
2023-05-31,177.25,168.76865
2023-06-01,180.08999633789062,169.41537
2023-06-02,180.9499969482422,170.36833
2023-06-05,179.5800018310547,171.44145
2023-06-06,179.2100067138672,172.27522
2023-06-07,177.82000732421875,172.84998
2023-06-08,180.57000732421875,173.05994
2023-06-09,180.9600067138672,173.39163
2023-06-12,183.7899932861328,173.76952
2023-06-13,183.30999755859375,174.45334
2023-06-14,183.9499969482422,175.13062
2023-06-15,186.00999450683594,175.79907
2023-06-16,184.9199981689453,176.61734
2023-06-20,185.00999450683594,177.26831
2023-06-21,183.9600067138672,177.77197
2023-06-22,187.0,178.01447
2023-06-23,186.67999267578125,178.45663
2023-06-26,185.27000427246094,178.88556
2023-06-27,188.05999755859375,179.09175
2023-06-28,189.25,179.49417
2023-06-29,189.58999633789062,180.065
2023-06-30,193.97000122070312,180.68187
2023-07-03,192.4600067138672,181.75194
2023-07-05,191.3300018310547,182.71333
2023-07-06,191.80999755859375,183.38176
2023-07-07,190.67999267578125,183.88286
2023-07-10,188.61000061035156,184.10289
2023-07-11,188.0800018310547,183.92046
2023-07-12,189.77000427246094,183.50742
2023-07-13,190.5399932861328,183.22546
2023-07-14,190.69000244140625,183.12033
2023-07-17,193.99000549316406,183.12904
2023-07-18,193.72999572753906,183.57542
2023-07-19,195.10000610351562,184.13582
2023-07-20,193.1300048828125,184.84634
2023-07-21,191.94000244140625,185.30962
2023-07-24,192.75,185.46864
2023-07-25,193.6199951171875,185.55565
2023-07-26,194.5,185.68916
2023-07-27,193.22000122070312,185.9241
2023-07-28,195.8300018310547,186.02689
2023-07-31,196.4499969482422,186.35956
2023-08-01,195.61000061035156,186.81993
2023-08-02,192.5800018310547,187.1879
2023-08-03,191.1699981689453,187.12172
2023-08-04,181.99000549316406,186.7027
2023-08-07,178.85000610351562,185.10258
2023-08-08,179.8000030517578,182.79222
2023-08-09,178.19000244140625,180.52765
2023-08-10,177.97000122070312,178.36346
2023-08-11,177.7899932861328,176.49898
2023-08-14,179.4600067138672,174.9968
2023-08-15,177.4499969482422,174.06487
2023-08-16,176.57000732421875,173.29355
2023-08-17,174.0,172.6131
2023-08-18,174.49000549316406,171.76831
2023-08-21,175.83999633789062,171.02223
2023-08-22,177.22999572753906,170.57703
2023-08-23,181.1199951171875,170.4971
2023-08-24,176.3800048828125,171.06503
2023-08-25,178.61000061035156,171.30624
2023-08-28,180.19000244140625,171.64905
2023-08-29,184.1199951171875,172.17325
2023-08-30,187.64999389648438,173.1779
2023-08-31,187.8699951171875,174.68889
2023-09-01,189.4600067138672,176.26974
2023-09-05,189.6999969482422,177.87396
2023-09-06,182.91000366210938,179.30795
2023-09-07,177.55999755859375,179.68498
2023-09-08,178.17999267578125,178.89885
2023-09-11,179.36000061035156,177.72275
2023-09-12,176.3000030517578,176.62128
2023-09-13,174.2100067138672,175.32008
2023-09-14,175.74000549316406,173.84818
2023-09-15,175.00999450683594,172.66429
2023-09-18,177.97000122070312,171.67674
2023-09-19,179.07000732421875,171.26866
2023-09-20,175.49000549316406,171.31831
2023-09-21,173.92999267578125,171.16641
2023-09-22,174.7899932861328,170.7727
2023-09-25,176.0800018310547,170.41902
2023-09-26,171.9600067138672,170.27771
2023-09-27,170.42999267578125,169.76434
2023-09-28,170.69000244140625,168.97038
2023-09-29,171.2100067138672,168.1723
2023-10-02,173.75,167.53085
2023-10-03,172.39999389648438,167.34811
2023-10-04,173.66000366210938,167.24413
2023-10-05,174.91000366210938,167.35341
2023-10-06,177.49000549316406,167.69943
2023-10-09,178.99000549316406,168.42262
2023-10-10,178.38999938964844,169.40901
2023-10-11,179.8000030517578,170.32582
2023-10-12,180.7100067138672,171.26477
2023-10-13,178.85000610351562,172.19635
2023-10-16,178.72000122070312,172.78233
2023-10-17,177.14999389648438,173.11649
2023-10-18,175.83999633789062,173.09515
2023-10-19,175.4600067138672,172.7496
2023-10-20,172.8800048828125,172.24344
2023-10-23,173.0,171.41252
2023-10-24,173.44000244140625,170.54874
2023-10-25,171.10000610351562,169.82529
2023-10-26,166.88999938964844,168.98102
2023-10-27,168.22000122070312,167.69304
2023-10-30,170.2899932861328,166.52528
2023-10-31,170.77000427246094,165.80283
2023-11-01,173.97000122070312,165.44194
2023-11-02,177.57000732421875,165.69087
2023-11-03,176.64999389648438,166.62889
2023-11-06,179.22999572753906,167.66875
2023-11-07,181.82000732421875,168.94522
2023-11-08,182.88999938964844,170.47351
2023-11-09,182.41000366210938,172.0486
2023-11-10,186.39999389648438,173.38742
2023-11-13,184.8000030517578,174.91177
2023-11-14,187.44000244140625,176.12427
2023-11-15,188.00999450683594,177.34714
2023-11-16,189.7100067138672,178.46973
2023-11-17,189.69000244140625,179.59511
2023-11-20,191.4499969482422,180.56645
2023-11-21,190.63999938964844,181.54285
2023-11-22,191.30999755859375,182.29315
2023-11-24,189.97000122070312,182.91866
2023-11-27,189.7899932861328,183.24213
2023-11-28,190.39999389648438,183.35999
2023-11-29,189.3699951171875,183.4292
2023-11-30,189.9499969482422,183.3399
2023-12-01,191.24000549316406,183.25446
2023-12-04,189.42999267578125,183.32584
2023-12-05,193.4199981689453,183.24861
2023-12-06,192.32000732421875,183.58066
2023-12-07,194.27000427246094,183.9236
2023-12-08,195.7100067138672,184.46419
2023-12-11,193.17999267578125,185.19077
2023-12-12,194.7100067138672,185.62129
2023-12-13,197.9600067138672,186.04402
2023-12-14,198.11000061035156,186.77327
2023-12-15,197.57000732421875,187.56163
2023-12-18,195.88999938964844,188.21996
2023-12-19,196.94000244140625,188.54271
2023-12-20,194.8300018310547,188.78813
2023-12-21,194.67999267578125,188.7136
2023-12-22,193.60000610351562,188.4829
2023-12-26,193.0500030517578,188.07623
2023-12-27,193.14999389648438,187.5731
2023-12-28,193.5800018310547,187.09662
2023-12-29,192.52999877929688,186.73994
2024-01-02,185.63999938964844,186.36354
2024-01-03,184.25,185.23508
2024-01-04,181.91000366210938,183.7492
2024-01-05,181.17999267578125,181.99788
2024-01-08,185.55999755859375,180.25485
2024-01-09,185.13999938964844,179.24532
2024-01-10,186.19000244140625,178.65405
2024-01-11,185.58999633789062,178.4765
2024-01-12,185.9199981689453,178.45642
2024-01-16,183.6300048828125,178.56516
2024-01-17,182.67999267578125,178.45872
2024-01-18,188.6300048828125,178.16287
2024-01-19,191.55999755859375,178.5098
2024-01-22,193.88999938964844,179.43994
2024-01-23,195.17999267578125,180.80103
2024-01-24,194.5,182.3451
2024-01-25,194.1699981689453,183.70433
2024-01-26,192.4199981689453,184.77023
2024-01-29,191.72999572753906,185.35698
2024-01-30,188.0399932861328,185.56055
2024-01-31,184.39999389648438,185.12057
2024-02-01,186.86000061035156,184.00835
2024-02-02,185.85000610351562,182.9974
2024-02-05,187.67999267578125,182.02295
2024-02-06,189.3000030517578,181.40514
2024-02-07,189.41000366210938,181.2194
2024-02-08,188.32000732421875,181.27866
2024-02-09,188.85000610351562,181.32957
2024-02-12,187.14999389648438,181.44147
2024-02-13,185.0399932861328,181.37097
2024-02-14,184.14999389648438,180.98398
2024-02-15,183.86000061035156,180.39459
2024-02-16,182.30999755859375,179.74614
2024-02-20,181.55999755859375,178.96715
2024-02-21,182.32000732421875,178.1395
2024-02-22,184.3699951171875,177.48253
2024-02-23,182.52000427246094,177.22847
2024-02-26,181.16000366210938,176.98038
2024-02-27,182.6300048828125,176.62064
2024-02-28,181.4199981689453,176.43158
2024-02-29,180.75,176.20149
2024-03-01,179.66000366210938,175.90942
2024-03-04,175.10000610351562,175.4986
2024-03-05,170.1199951171875,174.54819
2024-03-06,169.1199951171875,172.88092
2024-03-07,169.0,170.96555
2024-03-08,170.72999572753906,169.14915
2024-03-11,172.75,167.81349
2024-03-12,173.22999572753906,167.11838
2024-03-13,171.1300048828125,166.88185
2024-03-14,173.0,166.65755
2024-03-15,172.6199951171875,166.7077
2024-03-18,173.72000122070312,166.83635
2024-03-19,176.0800018310547,167.12468
2024-03-20,178.6699981689453,167.73293
2024-03-21,171.3699951171875,168.72054
2024-03-22,172.27999877929688,168.89368
2024-03-25,170.85000610351562,168.78838
2024-03-26,169.7100067138672,168.37683
2024-03-27,173.30999755859375,167.73232
2024-03-28,171.47999572753906,167.48401
2024-04-01,170.02999877929688,167.22443
2024-04-02,168.83999633789062,166.82988
2024-04-03,169.64999389648438,166.28285
2024-04-04,168.82000732421875,165.8313
2024-04-05,169.5800018310547,165.37999
2024-04-08,168.4499969482422,165.08173
2024-04-09,169.6699981689453,164.75848
2024-04-10,167.77999877929688,164.61699
2024-04-11,175.0399932861328,164.35175
2024-04-12,176.5500030517578,164.9389
2024-04-15,172.69000244140625,166.01877
2024-04-16,169.3800048828125,166.74481
2024-04-17,168.0,166.83221
2024-04-18,167.0399932861328,166.44135
2024-04-19,165.0,165.74854
2024-04-22,165.83999633789062,164.74692
2024-04-23,166.89999389648438,163.82393
2024-04-24,169.02000427246094,163.17589
2024-04-25,169.88999938964844,162.99611
2024-04-26,169.3000030517578,163.16852
2024-04-29,173.5,163.42374
2024-04-30,170.3300018310547,164.1982
2024-05-01,169.3000030517578,164.73473
2024-05-02,173.02999877929688,164.98233
2024-05-03,183.3800048828125,165.50548
2024-05-06,181.7100067138672,167.3113
2024-05-07,182.39999389648438,169.27272
2024-05-08,182.74000549316406,171.15987
2024-05-09,184.57000732421875,172.80975
2024-05-10,183.0500030517578,174.34769
2024-05-13,186.27999877929688,175.44574
2024-05-14,187.42999267578125,176.57227
2024-05-15,189.72000122070312,177.68294
2024-05-16,189.83999633789062,178.90504
2024-05-17,189.8699951171875,180.0279
2024-05-20,191.0399932861328,180.96278
2024-05-21,192.35000610351562,181.82149
2024-05-22,190.89999389648438,182.67798
2024-05-23,186.8800048828125,183.2491
2024-05-24,189.97999572753906,183.14825
2024-05-28,189.99000549316406,183.10536
2024-05-29,190.2899932861328,183.07384
2024-05-30,191.2899932861328,183.0855
2024-05-31,192.25,183.23009
2024-06-03,194.02999877929688,183.52814
2024-06-04,194.35000610351562,184.06668
2024-06-05,195.8699951171875,184.68558
2024-06-06,194.47999572753906,185.44289
